{"cameraMode":{"drawMode":0,"name":"Shaded","section":"Shading Mode"},"sceneLighting":true,"audioPlay":false,"sceneViewState":{"showFog":true,"showMaterialUpdate":false,"showSkybox":true,"showFlares":true,"showImageEffects":true,"showParticleSystems":true},"in2DMode":false,"pivot":{"x":231.36270141601563,"y":30.225624084472658,"z":91.5254135131836},"rotation":{"x":0.10209023952484131,"y":0.46527689695358279,"z":-0.05412571132183075,"w":0.8775907158851624},"size":2.8578836917877199,"orthographic":false}